{"cameraMode":{"drawMode":0,"name":"Shaded","section":"Shading Mode"},"sceneLighting":false,"audioPlay":false,"sceneViewState":{"m_AlwaysRefresh":false,"showFog":true,"showSkybox":false,"showFlares":true,"showImageEffects":true,"showParticleSystems":true,"showVisualEffectGraphs":true,"m_FxEnabled":true},"in2DMode":false,"pivot":{"x":0.41272246837615969,"y":0.7520893812179565,"z":-0.05466584116220474},"rotation":{"x":0.07601813226938248,"y":-0.8292123675346375,"z":0.11643103510141373,"w":0.5413874983787537},"size":3.388420343399048,"orthographic":false}