{"cameraMode":{"drawMode":0,"name":"Shaded","section":"Shading Mode"},"sceneLighting":true,"audioPlay":false,"sceneViewState":{"m_AlwaysRefresh":false,"showFog":true,"showSkybox":true,"showFlares":true,"showImageEffects":true,"showParticleSystems":true,"showVisualEffectGraphs":true,"m_FxEnabled":true},"in2DMode":false,"pivot":{"x":-0.11463018506765366,"y":0.04592997580766678,"z":1.549657113741887e-8},"rotation":{"x":-3.0908619663705397e-8,"y":0.7071068286895752,"z":-0.7071068286895752,"w":-3.0908619663705397e-8},"size":4.776267051696777,"orthographic":true}