{"cameraMode":{"drawMode":0,"name":"Shaded","section":"Shading Mode"},"sceneLighting":true,"audioPlay":false,"sceneViewState":{"m_AlwaysRefresh":false,"showFog":true,"showSkybox":true,"showFlares":true,"showImageEffects":true,"showParticleSystems":true,"showVisualEffectGraphs":true,"m_FxEnabled":true},"in2DMode":false,"pivot":{"x":-0.11299991607666016,"y":4.229000091552734,"z":-6.146999359130859},"rotation":{"x":-0.13950733840465547,"y":0.08678490668535233,"z":-0.011411935091018677,"w":-0.9865627288818359},"size":12.12435531616211,"orthographic":false}