{"cameraMode":{"drawMode":0,"name":"Shaded","section":"Shading Mode"},"sceneLighting":true,"audioPlay":false,"sceneViewState":{"m_AlwaysRefresh":false,"showFog":true,"showSkybox":true,"showFlares":true,"showImageEffects":true,"showParticleSystems":true,"showVisualEffectGraphs":true,"m_FxEnabled":true},"in2DMode":false,"pivot":{"x":-2.120624303817749,"y":-2.9214248657226564,"z":12.19528579711914},"rotation":{"x":-0.13138331472873689,"y":0.08968325704336167,"z":-0.011935223825275898,"w":-0.9871965050697327},"size":8.535746574401856,"orthographic":false}